ID sample	Initial	Initial%	Length filtering	Length filtering %	Unique	Unique%	Multiple	Multiple%	Genome	Genome%	Contamination	Contamination%	all	all%	Other	Other%
SRR955628	21354015	100	11027765	51.6426	630627	2.9532	128594	0.602201	1212876	5.67985	3149802	14.7504	21611	0.101203	16339099	76.5153	
SRR955629	15145094	100	7113103	46.9664	603218	3.98293	129192	0.853029	967138	6.38582	0	0	13574738	89.6312	
SRR955633	18771501	100	8036159	42.8104	348016	1.85396	98131	0.522766	516352	2.75072	3346232	17.8261	1146	0.006105	14559755	77.5631	
SRR955634	8999053	100	1423750	15.8211	229650	2.55194	25948	0.288341	0	0	0	8769403	97.44806	
